"Type","When","Detail","Timestamp","Value","Unit","Note","Text"
"glucose","2026-09-28T06:00:00+11:00","5.5 mmol/L","2026-09-28T06:00:00+11:00","5.5","mmol/L","",""
"glucose","2026-09-28T06:40:00+11:00","5.5 mmol/L","2026-09-28T06:40:00+11:00","5.5","mmol/L","",""
"glucose","2026-09-28T07:02:00+11:00","5.4 mmol/L - Fasting, on waking. Felt fine.","2026-09-28T07:02:00+11:00","5.4","mmol/L","Fasting, on waking. Felt fine.",""
"glucose","2026-09-28T07:10:00+11:00","5.6 mmol/L","2026-09-28T07:10:00+11:00","5.6","mmol/L","",""
"glucose","2026-09-28T07:20:00+11:00","5.6 mmol/L","2026-09-28T07:20:00+11:00","5.6","mmol/L","",""
"food","2026-09-28T07:20:00+11:00","Two slices of toast with honey, black coffee. Logged by voice dictation.","2026-09-28T07:20:00+11:00","","","","Two slices of toast with honey, black coffee. Logged by voice dictation."
"glucose","2026-09-28T07:25:00+11:00","6.2 mmol/L","2026-09-28T07:25:00+11:00","6.2","mmol/L","",""
"glucose","2026-09-28T07:40:00+11:00","7.4 mmol/L","2026-09-28T07:40:00+11:00","7.4","mmol/L","",""
"glucose","2026-09-28T07:55:00+11:00","8.4 mmol/L","2026-09-28T07:55:00+11:00","8.4","mmol/L","",""
"glucose","2026-09-28T08:00:00+11:00","5.7 mmol/L","2026-09-28T08:00:00+11:00","5.7","mmol/L","",""
"glucose","2026-09-28T08:10:00+11:00","9.3 mmol/L","2026-09-28T08:10:00+11:00","9.3","mmol/L","",""
"glucose","2026-09-28T08:15:00+11:00","9.1 mmol/L - Confirmation prick once the Libre arrow went flat (steady, not still rising/falling). CGM read 9.6.","2026-09-28T08:15:00+11:00","9.1","mmol/L","Confirmation prick once the Libre arrow went flat (steady, not still rising/falling). CGM read 9.6.",""
"glucose","2026-09-28T08:25:00+11:00","9.0 mmol/L","2026-09-28T08:25:00+11:00","9.0","mmol/L","",""
"glucose","2026-09-28T08:40:00+11:00","5.5 mmol/L","2026-09-28T08:40:00+11:00","5.5","mmol/L","",""
"glucose","2026-09-28T08:40:00+11:00","8.3 mmol/L","2026-09-28T08:40:00+11:00","8.3","mmol/L","",""
"glucose","2026-09-28T08:55:00+11:00","7.5 mmol/L","2026-09-28T08:55:00+11:00","7.5","mmol/L","",""
"glucose","2026-09-28T09:10:00+11:00","6.7 mmol/L","2026-09-28T09:10:00+11:00","6.7","mmol/L","",""
"glucose","2026-09-28T09:20:00+11:00","5.7 mmol/L","2026-09-28T09:20:00+11:00","5.7","mmol/L","",""
"glucose","2026-09-28T09:25:00+11:00","5.8 mmol/L","2026-09-28T09:25:00+11:00","5.8","mmol/L","",""
"diary","2026-09-28T09:35:00+11:00","Went shaky and sweaty, had to sit down. Treated with juice.","2026-09-28T09:35:00+11:00","","","","Went shaky and sweaty, had to sit down. Treated with juice."
"glucose","2026-09-28T09:38:00+11:00","3.7 mmol/L - Fingerstick at the symptomatic low, matches CGM.","2026-09-28T09:38:00+11:00","3.7","mmol/L","Fingerstick at the symptomatic low, matches CGM.",""
"glucose","2026-09-28T09:40:00+11:00","5.0 mmol/L","2026-09-28T09:40:00+11:00","5.0","mmol/L","",""
"food","2026-09-28T09:40:00+11:00","Glucose correction: 250ml apple juice (~28g carbs) for the low at 9:38.","2026-09-28T09:40:00+11:00","","","","Glucose correction: 250ml apple juice (~28g carbs) for the low at 9:38."
"glucose","2026-09-28T09:55:00+11:00","4.3 mmol/L","2026-09-28T09:55:00+11:00","4.3","mmol/L","",""
"glucose","2026-09-28T10:00:00+11:00","5.4 mmol/L","2026-09-28T10:00:00+11:00","5.4","mmol/L","",""
"glucose","2026-09-28T10:10:00+11:00","3.8 mmol/L","2026-09-28T10:10:00+11:00","3.8","mmol/L","",""
"glucose","2026-09-28T10:25:00+11:00","4.3 mmol/L","2026-09-28T10:25:00+11:00","4.3","mmol/L","",""
"glucose","2026-09-28T10:40:00+11:00","5.4 mmol/L","2026-09-28T10:40:00+11:00","5.4","mmol/L","",""
"glucose","2026-09-28T10:40:00+11:00","4.7 mmol/L","2026-09-28T10:40:00+11:00","4.7","mmol/L","",""
"glucose","2026-09-28T11:20:00+11:00","5.7 mmol/L","2026-09-28T11:20:00+11:00","5.7","mmol/L","",""
"glucose","2026-09-28T12:00:00+11:00","5.4 mmol/L","2026-09-28T12:00:00+11:00","5.4","mmol/L","",""
"food","2026-09-28T12:30:00+11:00","Lunch, built from ingredients. Weet-Bix bar barcode-scanned, had half a serve (portion picker: 1/2).","2026-09-28T12:30:00+11:00","","","","Lunch, built from ingredients. Weet-Bix bar barcode-scanned, had half a serve (portion picker: 1/2)."
"glucose","2026-09-28T12:40:00+11:00","5.4 mmol/L","2026-09-28T12:40:00+11:00","5.4","mmol/L","",""
"glucose","2026-09-28T13:20:00+11:00","5.8 mmol/L","2026-09-28T13:20:00+11:00","5.8","mmol/L","",""
"glucose","2026-09-28T14:00:00+11:00","5.6 mmol/L","2026-09-28T14:00:00+11:00","5.6","mmol/L","",""
"glucose","2026-09-28T14:00:00+11:00","6.3 mmol/L","2026-09-28T14:00:00+11:00","6.3","mmol/L","",""
"glucose","2026-09-28T14:40:00+11:00","5.5 mmol/L","2026-09-28T14:40:00+11:00","5.5","mmol/L","",""
"glucose","2026-09-28T15:20:00+11:00","5.4 mmol/L","2026-09-28T15:20:00+11:00","5.4","mmol/L","",""
"glucose","2026-09-28T16:00:00+11:00","5.8 mmol/L","2026-09-28T16:00:00+11:00","5.8","mmol/L","",""
"glucose","2026-09-28T16:40:00+11:00","5.5 mmol/L","2026-09-28T16:40:00+11:00","5.5","mmol/L","",""
"glucose","2026-09-28T17:20:00+11:00","5.5 mmol/L","2026-09-28T17:20:00+11:00","5.5","mmol/L","",""
"glucose","2026-09-28T18:00:00+11:00","5.8 mmol/L","2026-09-28T18:00:00+11:00","5.8","mmol/L","",""
"glucose","2026-09-28T18:40:00+11:00","5.5 mmol/L","2026-09-28T18:40:00+11:00","5.5","mmol/L","",""
"food","2026-09-28T18:45:00+11:00","Logged by Marg - chicken stir-fry she cooked, photographed on the plate.","2026-09-28T18:45:00+11:00","","","","Logged by Marg - chicken stir-fry she cooked, photographed on the plate."
"glucose","2026-09-28T19:20:00+11:00","5.4 mmol/L","2026-09-28T19:20:00+11:00","5.4","mmol/L","",""
"glucose","2026-09-28T20:00:00+11:00","5.5 mmol/L","2026-09-28T20:00:00+11:00","5.5","mmol/L","",""
"glucose","2026-09-28T20:30:00+11:00","6.9 mmol/L","2026-09-28T20:30:00+11:00","6.9","mmol/L","",""
"glucose","2026-09-28T20:40:00+11:00","5.6 mmol/L","2026-09-28T20:40:00+11:00","5.6","mmol/L","",""
"diary","2026-09-28T21:00:00+11:00","Quiet evening, no further symptoms after the morning low.","2026-09-28T21:00:00+11:00","","","","Quiet evening, no further symptoms after the morning low."
"glucose","2026-09-28T21:20:00+11:00","5.7 mmol/L","2026-09-28T21:20:00+11:00","5.7","mmol/L","",""
"glucose","2026-09-28T22:00:00+11:00","5.6 mmol/L","2026-09-28T22:00:00+11:00","5.6","mmol/L","",""
"glucose","2026-09-28T22:40:00+11:00","5.4 mmol/L","2026-09-28T22:40:00+11:00","5.4","mmol/L","",""
"glucose","2026-09-29T06:00:00+11:00","5.8 mmol/L","2026-09-29T06:00:00+11:00","5.8","mmol/L","",""
"glucose","2026-09-29T06:40:00+11:00","5.6 mmol/L","2026-09-29T06:40:00+11:00","5.6","mmol/L","",""
"glucose","2026-09-29T06:50:00+11:00","5.1 mmol/L - Fasting, on waking.","2026-09-29T06:50:00+11:00","5.1","mmol/L","Fasting, on waking.",""
"glucose","2026-09-29T07:00:00+11:00","5.6 mmol/L","2026-09-29T07:00:00+11:00","5.6","mmol/L","",""
"food","2026-09-29T07:10:00+11:00","Porridge sachet, barcode-scanned, full serve, with milk.","2026-09-29T07:10:00+11:00","","","","Porridge sachet, barcode-scanned, full serve, with milk."
"glucose","2026-09-29T07:15:00+11:00","6.2 mmol/L","2026-09-29T07:15:00+11:00","6.2","mmol/L","",""
"glucose","2026-09-29T07:20:00+11:00","5.6 mmol/L","2026-09-29T07:20:00+11:00","5.6","mmol/L","",""
"glucose","2026-09-29T07:30:00+11:00","7.1 mmol/L","2026-09-29T07:30:00+11:00","7.1","mmol/L","",""
"glucose","2026-09-29T07:45:00+11:00","7.9 mmol/L","2026-09-29T07:45:00+11:00","7.9","mmol/L","",""
"glucose","2026-09-29T08:00:00+11:00","5.7 mmol/L","2026-09-29T08:00:00+11:00","5.7","mmol/L","",""
"glucose","2026-09-29T08:00:00+11:00","8.8 mmol/L","2026-09-29T08:00:00+11:00","8.8","mmol/L","",""
"glucose","2026-09-29T08:05:00+11:00","8.6 mmol/L - Fingerstick confirmation, CGM arrow flat at the time.","2026-09-29T08:05:00+11:00","8.6","mmol/L","Fingerstick confirmation, CGM arrow flat at the time.",""
"glucose","2026-09-29T08:15:00+11:00","8.5 mmol/L","2026-09-29T08:15:00+11:00","8.5","mmol/L","",""
"glucose","2026-09-29T08:30:00+11:00","7.8 mmol/L","2026-09-29T08:30:00+11:00","7.8","mmol/L","",""
"glucose","2026-09-29T08:40:00+11:00","5.8 mmol/L","2026-09-29T08:40:00+11:00","5.8","mmol/L","",""
"glucose","2026-09-29T08:45:00+11:00","7.2 mmol/L","2026-09-29T08:45:00+11:00","7.2","mmol/L","",""
"glucose","2026-09-29T09:00:00+11:00","6.4 mmol/L","2026-09-29T09:00:00+11:00","6.4","mmol/L","",""
"glucose","2026-09-29T09:15:00+11:00","5.7 mmol/L","2026-09-29T09:15:00+11:00","5.7","mmol/L","",""
"glucose","2026-09-29T09:20:00+11:00","5.6 mmol/L","2026-09-29T09:20:00+11:00","5.6","mmol/L","",""
"diary","2026-09-29T09:25:00+11:00","Lightheaded and irritable before lunch, classic low feeling.","2026-09-29T09:25:00+11:00","","","","Lightheaded and irritable before lunch, classic low feeling."
"glucose","2026-09-29T09:28:00+11:00","3.9 mmol/L - Fingerstick at the low.","2026-09-29T09:28:00+11:00","3.9","mmol/L","Fingerstick at the low.",""
"glucose","2026-09-29T09:30:00+11:00","5.0 mmol/L","2026-09-29T09:30:00+11:00","5.0","mmol/L","",""
"food","2026-09-29T09:30:00+11:00","Correction: 3 glucose tablets (~15g carbs).","2026-09-29T09:30:00+11:00","","","","Correction: 3 glucose tablets (~15g carbs)."
"glucose","2026-09-29T09:45:00+11:00","4.3 mmol/L","2026-09-29T09:45:00+11:00","4.3","mmol/L","",""
"glucose","2026-09-29T10:00:00+11:00","5.6 mmol/L","2026-09-29T10:00:00+11:00","5.6","mmol/L","",""
"glucose","2026-09-29T10:00:00+11:00","4.1 mmol/L","2026-09-29T10:00:00+11:00","4.1","mmol/L","",""
"glucose","2026-09-29T10:15:00+11:00","4.5 mmol/L","2026-09-29T10:15:00+11:00","4.5","mmol/L","",""
"glucose","2026-09-29T10:30:00+11:00","4.9 mmol/L","2026-09-29T10:30:00+11:00","4.9","mmol/L","",""
"glucose","2026-09-29T10:40:00+11:00","5.8 mmol/L","2026-09-29T10:40:00+11:00","5.8","mmol/L","",""
"glucose","2026-09-29T11:20:00+11:00","5.6 mmol/L","2026-09-29T11:20:00+11:00","5.6","mmol/L","",""
"glucose","2026-09-29T12:00:00+11:00","5.5 mmol/L","2026-09-29T12:00:00+11:00","5.5","mmol/L","",""
"glucose","2026-09-29T12:40:00+11:00","5.4 mmol/L","2026-09-29T12:40:00+11:00","5.4","mmol/L","",""
"food","2026-09-29T13:00:00+11:00","Logged by Kelly - ham and salad sandwich from the cafe, she photographed the receipt and the plate.","2026-09-29T13:00:00+11:00","","","","Logged by Kelly - ham and salad sandwich from the cafe, she photographed the receipt and the plate."
"glucose","2026-09-29T13:20:00+11:00","5.5 mmol/L","2026-09-29T13:20:00+11:00","5.5","mmol/L","",""
"glucose","2026-09-29T14:00:00+11:00","5.6 mmol/L","2026-09-29T14:00:00+11:00","5.6","mmol/L","",""
"glucose","2026-09-29T14:40:00+11:00","5.7 mmol/L","2026-09-29T14:40:00+11:00","5.7","mmol/L","",""
"glucose","2026-09-29T15:00:00+11:00","6.6 mmol/L","2026-09-29T15:00:00+11:00","6.6","mmol/L","",""
"glucose","2026-09-29T15:20:00+11:00","5.6 mmol/L","2026-09-29T15:20:00+11:00","5.6","mmol/L","",""
"glucose","2026-09-29T16:00:00+11:00","5.4 mmol/L","2026-09-29T16:00:00+11:00","5.4","mmol/L","",""
"glucose","2026-09-29T16:40:00+11:00","5.5 mmol/L","2026-09-29T16:40:00+11:00","5.5","mmol/L","",""
"glucose","2026-09-29T17:20:00+11:00","5.7 mmol/L","2026-09-29T17:20:00+11:00","5.7","mmol/L","",""
"glucose","2026-09-29T18:00:00+11:00","5.4 mmol/L","2026-09-29T18:00:00+11:00","5.4","mmol/L","",""
"glucose","2026-09-29T18:40:00+11:00","5.8 mmol/L","2026-09-29T18:40:00+11:00","5.8","mmol/L","",""
"food","2026-09-29T19:00:00+11:00","Takeaway pad thai, shared with Marg and Kelly. Logged by voice, no photo tonight.","2026-09-29T19:00:00+11:00","","","","Takeaway pad thai, shared with Marg and Kelly. Logged by voice, no photo tonight."
"glucose","2026-09-29T19:20:00+11:00","5.8 mmol/L","2026-09-29T19:20:00+11:00","5.8","mmol/L","",""
"glucose","2026-09-29T20:00:00+11:00","5.6 mmol/L","2026-09-29T20:00:00+11:00","5.6","mmol/L","",""
"glucose","2026-09-29T20:40:00+11:00","5.6 mmol/L","2026-09-29T20:40:00+11:00","5.6","mmol/L","",""
"glucose","2026-09-29T20:45:00+11:00","7.4 mmol/L","2026-09-29T20:45:00+11:00","7.4","mmol/L","",""
"glucose","2026-09-29T21:20:00+11:00","5.5 mmol/L","2026-09-29T21:20:00+11:00","5.5","mmol/L","",""
"diary","2026-09-29T21:30:00+11:00","Better evening than last night, dinner sat fine.","2026-09-29T21:30:00+11:00","","","","Better evening than last night, dinner sat fine."
"glucose","2026-09-29T22:00:00+11:00","5.5 mmol/L","2026-09-29T22:00:00+11:00","5.5","mmol/L","",""
"glucose","2026-09-29T22:40:00+11:00","5.7 mmol/L","2026-09-29T22:40:00+11:00","5.7","mmol/L","",""
"glucose","2026-09-30T06:00:00+11:00","5.7 mmol/L","2026-09-30T06:00:00+11:00","5.7","mmol/L","",""
"glucose","2026-09-30T06:30:00+11:00","5.7 mmol/L","2026-09-30T06:30:00+11:00","5.7","mmol/L","",""
"glucose","2026-09-30T07:00:00+11:00","5.7 mmol/L","2026-09-30T07:00:00+11:00","5.7","mmol/L","",""
"glucose","2026-09-30T07:00:00+11:00","5.3 mmol/L - Fasting, on waking, felt good.","2026-09-30T07:00:00+11:00","5.3","mmol/L","Fasting, on waking, felt good.",""
"glucose","2026-09-30T07:30:00+11:00","6.0 mmol/L","2026-09-30T07:30:00+11:00","6.0","mmol/L","",""
"food","2026-09-30T07:30:00+11:00","Smaller, lower-GI breakfast (yoghurt + berries), barcode-scanned yoghurt tub.","2026-09-30T07:30:00+11:00","","","","Smaller, lower-GI breakfast (yoghurt + berries), barcode-scanned yoghurt tub."
"glucose","2026-09-30T08:00:00+11:00","5.7 mmol/L","2026-09-30T08:00:00+11:00","5.7","mmol/L","",""
"glucose","2026-09-30T08:30:00+11:00","5.9 mmol/L","2026-09-30T08:30:00+11:00","5.9","mmol/L","",""
"glucose","2026-09-30T08:30:00+11:00","6.8 mmol/L","2026-09-30T08:30:00+11:00","6.8","mmol/L","",""
"glucose","2026-09-30T09:00:00+11:00","5.9 mmol/L","2026-09-30T09:00:00+11:00","5.9","mmol/L","",""
"glucose","2026-09-30T09:30:00+11:00","5.7 mmol/L","2026-09-30T09:30:00+11:00","5.7","mmol/L","",""
"glucose","2026-09-30T09:30:00+11:00","6.1 mmol/L","2026-09-30T09:30:00+11:00","6.1","mmol/L","",""
"glucose","2026-09-30T10:00:00+11:00","5.7 mmol/L","2026-09-30T10:00:00+11:00","5.7","mmol/L","",""
"glucose","2026-09-30T10:30:00+11:00","5.7 mmol/L","2026-09-30T10:30:00+11:00","5.7","mmol/L","",""
"glucose","2026-09-30T10:30:00+11:00","5.7 mmol/L - Routine fingerstick check, no symptoms, just confirming the CGM.","2026-09-30T10:30:00+11:00","5.7","mmol/L","Routine fingerstick check, no symptoms, just confirming the CGM.",""
"glucose","2026-09-30T11:00:00+11:00","5.6 mmol/L","2026-09-30T11:00:00+11:00","5.6","mmol/L","",""
"glucose","2026-09-30T11:30:00+11:00","5.8 mmol/L","2026-09-30T11:30:00+11:00","5.8","mmol/L","",""
"glucose","2026-09-30T12:00:00+11:00","5.7 mmol/L","2026-09-30T12:00:00+11:00","5.7","mmol/L","",""
"glucose","2026-09-30T12:30:00+11:00","5.7 mmol/L","2026-09-30T12:30:00+11:00","5.7","mmol/L","",""
"food","2026-09-30T12:45:00+11:00","Logged by Marg - her usual grilled chicken salad, photographed.","2026-09-30T12:45:00+11:00","","","","Logged by Marg - her usual grilled chicken salad, photographed."
"glucose","2026-09-30T13:00:00+11:00","5.9 mmol/L","2026-09-30T13:00:00+11:00","5.9","mmol/L","",""
"glucose","2026-09-30T13:30:00+11:00","5.9 mmol/L","2026-09-30T13:30:00+11:00","5.9","mmol/L","",""
"glucose","2026-09-30T14:00:00+11:00","5.9 mmol/L","2026-09-30T14:00:00+11:00","5.9","mmol/L","",""
"glucose","2026-09-30T14:15:00+11:00","6.4 mmol/L","2026-09-30T14:15:00+11:00","6.4","mmol/L","",""
"glucose","2026-09-30T14:30:00+11:00","5.7 mmol/L","2026-09-30T14:30:00+11:00","5.7","mmol/L","",""
"diary","2026-09-30T14:30:00+11:00","Good, steady day so far - no lows.","2026-09-30T14:30:00+11:00","","","","Good, steady day so far - no lows."
"glucose","2026-09-30T15:00:00+11:00","6.0 mmol/L","2026-09-30T15:00:00+11:00","6.0","mmol/L","",""
"glucose","2026-09-30T15:30:00+11:00","6.0 mmol/L","2026-09-30T15:30:00+11:00","6.0","mmol/L","",""
"glucose","2026-09-30T16:00:00+11:00","5.8 mmol/L","2026-09-30T16:00:00+11:00","5.8","mmol/L","",""
"glucose","2026-09-30T16:30:00+11:00","5.9 mmol/L","2026-09-30T16:30:00+11:00","5.9","mmol/L","",""
"glucose","2026-09-30T17:00:00+11:00","5.9 mmol/L","2026-09-30T17:00:00+11:00","5.9","mmol/L","",""
"glucose","2026-09-30T17:30:00+11:00","6.0 mmol/L","2026-09-30T17:30:00+11:00","6.0","mmol/L","",""
"glucose","2026-09-30T18:00:00+11:00","5.7 mmol/L","2026-09-30T18:00:00+11:00","5.7","mmol/L","",""
"glucose","2026-09-30T18:30:00+11:00","6.0 mmol/L","2026-09-30T18:30:00+11:00","6.0","mmol/L","",""
"food","2026-09-30T18:30:00+11:00","Dinner: grilled salmon, half a cup of rice (portion picker: 1/2), steamed veg. Dictated.","2026-09-30T18:30:00+11:00","","","","Dinner: grilled salmon, half a cup of rice (portion picker: 1/2), steamed veg. Dictated."
"glucose","2026-09-30T19:00:00+11:00","5.8 mmol/L","2026-09-30T19:00:00+11:00","5.8","mmol/L","",""
"glucose","2026-09-30T19:30:00+11:00","5.9 mmol/L","2026-09-30T19:30:00+11:00","5.9","mmol/L","",""
"glucose","2026-09-30T20:00:00+11:00","5.9 mmol/L","2026-09-30T20:00:00+11:00","5.9","mmol/L","",""
"glucose","2026-09-30T20:00:00+11:00","7.0 mmol/L","2026-09-30T20:00:00+11:00","7.0","mmol/L","",""
"glucose","2026-09-30T20:30:00+11:00","5.8 mmol/L","2026-09-30T20:30:00+11:00","5.8","mmol/L","",""
"glucose","2026-09-30T21:00:00+11:00","5.7 mmol/L","2026-09-30T21:00:00+11:00","5.7","mmol/L","",""
"glucose","2026-09-30T21:30:00+11:00","5.9 mmol/L","2026-09-30T21:30:00+11:00","5.9","mmol/L","",""
"glucose","2026-09-30T21:30:00+11:00","6.2 mmol/L - Before bed, all settled.","2026-09-30T21:30:00+11:00","6.2","mmol/L","Before bed, all settled.",""
"diary","2026-09-30T21:45:00+11:00","Best day this week - no reactive drops at all.","2026-09-30T21:45:00+11:00","","","","Best day this week - no reactive drops at all."
"glucose","2026-09-30T22:00:00+11:00","5.8 mmol/L","2026-09-30T22:00:00+11:00","5.8","mmol/L","",""
"glucose","2026-09-30T22:30:00+11:00","5.7 mmol/L","2026-09-30T22:30:00+11:00","5.7","mmol/L","",""
"glucose","2026-09-30T23:00:00+11:00","5.8 mmol/L","2026-09-30T23:00:00+11:00","5.8","mmol/L","",""
